CASE,IMAGE_1_PATH,IMAGE_1_WATERMARK_1_PATH,IMAGE_1_WATERMARK_2_PATH,IMAGE_2_PATH,IMAGE_2_WATERMARK_1_PATH,IMAGE_2_WATERMARK_2_PATH
0,data\cases\case_0\case_0__image_0.jpg,data\cases\case_0\case_0__image_0_watermark_0.jpg,data\cases\case_0\case_0__image_0_watermark_1.jpg,data\cases\case_0\case_0__image_1.jpg,data\cases\case_0\case_0__image_1_watermark_0.jpg,data\cases\case_0\case_0__image_1_watermark_1.jpg
1,data\cases\case_1\case_1__image_0.jpg,data\cases\case_1\case_1__image_0_watermark_0.jpg,data\cases\case_1\case_1__image_0_watermark_1.jpg,data\cases\case_1\case_1__image_1.jpg,data\cases\case_1\case_1__image_1_watermark_0.jpg,data\cases\case_1\case_1__image_1_watermark_1.jpg
2,data\cases\case_2\case_2__image_0.jpg,data\cases\case_2\case_2__image_0_watermark_0.jpg,data\cases\case_2\case_2__image_0_watermark_1.jpg,data\cases\case_2\case_2__image_1.jpg,data\cases\case_2\case_2__image_1_watermark_0.jpg,data\cases\case_2\case_2__image_1_watermark_1.jpg
3,data\cases\case_3\case_3__image_0.jpg,data\cases\case_3\case_3__image_0_watermark_0.jpg,data\cases\case_3\case_3__image_0_watermark_1.jpg,data\cases\case_3\case_3__image_1.jpg,data\cases\case_3\case_3__image_1_watermark_0.jpg,data\cases\case_3\case_3__image_1_watermark_1.jpg
4,data\cases\case_4\case_4__image_0.jpg,data\cases\case_4\case_4__image_0_watermark_0.jpg,data\cases\case_4\case_4__image_0_watermark_1.jpg,data\cases\case_4\case_4__image_1.jpg,data\cases\case_4\case_4__image_1_watermark_0.jpg,data\cases\case_4\case_4__image_1_watermark_1.jpg
5,data\cases\case_5\case_5__image_0.jpg,data\cases\case_5\case_5__image_0_watermark_0.jpg,data\cases\case_5\case_5__image_0_watermark_1.jpg,data\cases\case_5\case_5__image_1.jpg,data\cases\case_5\case_5__image_1_watermark_0.jpg,data\cases\case_5\case_5__image_1_watermark_1.jpg
6,data\cases\case_6\case_6__image_0.jpg,data\cases\case_6\case_6__image_0_watermark_0.jpg,data\cases\case_6\case_6__image_0_watermark_1.jpg,data\cases\case_6\case_6__image_1.jpg,data\cases\case_6\case_6__image_1_watermark_0.jpg,data\cases\case_6\case_6__image_1_watermark_1.jpg
7,data\cases\case_7\case_7__image_0.jpg,data\cases\case_7\case_7__image_0_watermark_0.jpg,data\cases\case_7\case_7__image_0_watermark_1.jpg,data\cases\case_7\case_7__image_1.jpg,data\cases\case_7\case_7__image_1_watermark_0.jpg,data\cases\case_7\case_7__image_1_watermark_1.jpg
8,data\cases\case_8\case_8__image_0.jpg,data\cases\case_8\case_8__image_0_watermark_0.jpg,data\cases\case_8\case_8__image_0_watermark_1.jpg,data\cases\case_8\case_8__image_1.jpg,data\cases\case_8\case_8__image_1_watermark_0.jpg,data\cases\case_8\case_8__image_1_watermark_1.jpg
9,data\cases\case_9\case_9__image_0.jpg,data\cases\case_9\case_9__image_0_watermark_0.jpg,data\cases\case_9\case_9__image_0_watermark_1.jpg,data\cases\case_9\case_9__image_1.jpg,data\cases\case_9\case_9__image_1_watermark_0.jpg,data\cases\case_9\case_9__image_1_watermark_1.jpg
10,data\cases\case_10\case_10__image_0.jpg,data\cases\case_10\case_10__image_0_watermark_0.jpg,data\cases\case_10\case_10__image_0_watermark_1.jpg,data\cases\case_10\case_10__image_1.jpg,data\cases\case_10\case_10__image_1_watermark_0.jpg,data\cases\case_10\case_10__image_1_watermark_1.jpg
11,data\cases\case_11\case_11__image_0.jpg,data\cases\case_11\case_11__image_0_watermark_0.jpg,data\cases\case_11\case_11__image_0_watermark_1.jpg,data\cases\case_11\case_11__image_1.jpg,data\cases\case_11\case_11__image_1_watermark_0.jpg,data\cases\case_11\case_11__image_1_watermark_1.jpg
12,data\cases\case_12\case_12__image_0.jpg,data\cases\case_12\case_12__image_0_watermark_0.jpg,data\cases\case_12\case_12__image_0_watermark_1.jpg,data\cases\case_12\case_12__image_1.jpg,data\cases\case_12\case_12__image_1_watermark_0.jpg,data\cases\case_12\case_12__image_1_watermark_1.jpg
13,data\cases\case_13\case_13__image_0.jpg,data\cases\case_13\case_13__image_0_watermark_0.jpg,data\cases\case_13\case_13__image_0_watermark_1.jpg,data\cases\case_13\case_13__image_1.jpg,data\cases\case_13\case_13__image_1_watermark_0.jpg,data\cases\case_13\case_13__image_1_watermark_1.jpg
14,data\cases\case_14\case_14__image_0.jpg,data\cases\case_14\case_14__image_0_watermark_0.jpg,data\cases\case_14\case_14__image_0_watermark_1.jpg,data\cases\case_14\case_14__image_1.jpg,data\cases\case_14\case_14__image_1_watermark_0.jpg,data\cases\case_14\case_14__image_1_watermark_1.jpg
15,data\cases\case_15\case_15__image_0.jpg,data\cases\case_15\case_15__image_0_watermark_0.jpg,data\cases\case_15\case_15__image_0_watermark_1.jpg,data\cases\case_15\case_15__image_1.jpg,data\cases\case_15\case_15__image_1_watermark_0.jpg,data\cases\case_15\case_15__image_1_watermark_1.jpg
16,data\cases\case_16\case_16__image_0.jpg,data\cases\case_16\case_16__image_0_watermark_0.jpg,data\cases\case_16\case_16__image_0_watermark_1.jpg,data\cases\case_16\case_16__image_1.jpg,data\cases\case_16\case_16__image_1_watermark_0.jpg,data\cases\case_16\case_16__image_1_watermark_1.jpg
17,data\cases\case_17\case_17__image_0.jpg,data\cases\case_17\case_17__image_0_watermark_0.jpg,data\cases\case_17\case_17__image_0_watermark_1.jpg,data\cases\case_17\case_17__image_1.jpg,data\cases\case_17\case_17__image_1_watermark_0.jpg,data\cases\case_17\case_17__image_1_watermark_1.jpg
18,data\cases\case_18\case_18__image_0.jpg,data\cases\case_18\case_18__image_0_watermark_0.jpg,data\cases\case_18\case_18__image_0_watermark_1.jpg,data\cases\case_18\case_18__image_1.jpg,data\cases\case_18\case_18__image_1_watermark_0.jpg,data\cases\case_18\case_18__image_1_watermark_1.jpg
19,data\cases\case_19\case_19__image_0.jpg,data\cases\case_19\case_19__image_0_watermark_0.jpg,data\cases\case_19\case_19__image_0_watermark_1.jpg,data\cases\case_19\case_19__image_1.jpg,data\cases\case_19\case_19__image_1_watermark_0.jpg,data\cases\case_19\case_19__image_1_watermark_1.jpg
20,data\cases\case_20\case_20__image_0.jpg,data\cases\case_20\case_20__image_0_watermark_0.jpg,data\cases\case_20\case_20__image_0_watermark_1.jpg,data\cases\case_20\case_20__image_1.jpg,data\cases\case_20\case_20__image_1_watermark_0.jpg,data\cases\case_20\case_20__image_1_watermark_1.jpg
21,data\cases\case_21\case_21__image_0.jpg,data\cases\case_21\case_21__image_0_watermark_0.jpg,data\cases\case_21\case_21__image_0_watermark_1.jpg,data\cases\case_21\case_21__image_1.jpg,data\cases\case_21\case_21__image_1_watermark_0.jpg,data\cases\case_21\case_21__image_1_watermark_1.jpg
22,data\cases\case_22\case_22__image_0.jpg,data\cases\case_22\case_22__image_0_watermark_0.jpg,data\cases\case_22\case_22__image_0_watermark_1.jpg,data\cases\case_22\case_22__image_1.jpg,data\cases\case_22\case_22__image_1_watermark_0.jpg,data\cases\case_22\case_22__image_1_watermark_1.jpg
23,data\cases\case_23\case_23__image_0.jpg,data\cases\case_23\case_23__image_0_watermark_0.jpg,data\cases\case_23\case_23__image_0_watermark_1.jpg,data\cases\case_23\case_23__image_1.jpg,data\cases\case_23\case_23__image_1_watermark_0.jpg,data\cases\case_23\case_23__image_1_watermark_1.jpg
24,data\cases\case_24\case_24__image_0.jpg,data\cases\case_24\case_24__image_0_watermark_0.jpg,data\cases\case_24\case_24__image_0_watermark_1.jpg,data\cases\case_24\case_24__image_1.jpg,data\cases\case_24\case_24__image_1_watermark_0.jpg,data\cases\case_24\case_24__image_1_watermark_1.jpg
25,data\cases\case_25\case_25__image_0.jpg,data\cases\case_25\case_25__image_0_watermark_0.jpg,data\cases\case_25\case_25__image_0_watermark_1.jpg,data\cases\case_25\case_25__image_1.jpg,data\cases\case_25\case_25__image_1_watermark_0.jpg,data\cases\case_25\case_25__image_1_watermark_1.jpg
26,data\cases\case_26\case_26__image_0.jpg,data\cases\case_26\case_26__image_0_watermark_0.jpg,data\cases\case_26\case_26__image_0_watermark_1.jpg,data\cases\case_26\case_26__image_1.jpg,data\cases\case_26\case_26__image_1_watermark_0.jpg,data\cases\case_26\case_26__image_1_watermark_1.jpg
27,data\cases\case_27\case_27__image_0.jpg,data\cases\case_27\case_27__image_0_watermark_0.jpg,data\cases\case_27\case_27__image_0_watermark_1.jpg,data\cases\case_27\case_27__image_1.jpg,data\cases\case_27\case_27__image_1_watermark_0.jpg,data\cases\case_27\case_27__image_1_watermark_1.jpg
28,data\cases\case_28\case_28__image_0.jpg,data\cases\case_28\case_28__image_0_watermark_0.jpg,data\cases\case_28\case_28__image_0_watermark_1.jpg,data\cases\case_28\case_28__image_1.jpg,data\cases\case_28\case_28__image_1_watermark_0.jpg,data\cases\case_28\case_28__image_1_watermark_1.jpg
29,data\cases\case_29\case_29__image_0.jpg,data\cases\case_29\case_29__image_0_watermark_0.jpg,data\cases\case_29\case_29__image_0_watermark_1.jpg,data\cases\case_29\case_29__image_1.jpg,data\cases\case_29\case_29__image_1_watermark_0.jpg,data\cases\case_29\case_29__image_1_watermark_1.jpg
30,data\cases\case_30\case_30__image_0.jpg,data\cases\case_30\case_30__image_0_watermark_0.jpg,data\cases\case_30\case_30__image_0_watermark_1.jpg,data\cases\case_30\case_30__image_1.jpg,data\cases\case_30\case_30__image_1_watermark_0.jpg,data\cases\case_30\case_30__image_1_watermark_1.jpg
31,data\cases\case_31\case_31__image_0.jpg,data\cases\case_31\case_31__image_0_watermark_0.jpg,data\cases\case_31\case_31__image_0_watermark_1.jpg,data\cases\case_31\case_31__image_1.jpg,data\cases\case_31\case_31__image_1_watermark_0.jpg,data\cases\case_31\case_31__image_1_watermark_1.jpg
32,data\cases\case_32\case_32__image_0.jpg,data\cases\case_32\case_32__image_0_watermark_0.jpg,data\cases\case_32\case_32__image_0_watermark_1.jpg,data\cases\case_32\case_32__image_1.jpg,data\cases\case_32\case_32__image_1_watermark_0.jpg,data\cases\case_32\case_32__image_1_watermark_1.jpg
33,data\cases\case_33\case_33__image_0.jpg,data\cases\case_33\case_33__image_0_watermark_0.jpg,data\cases\case_33\case_33__image_0_watermark_1.jpg,data\cases\case_33\case_33__image_1.jpg,data\cases\case_33\case_33__image_1_watermark_0.jpg,data\cases\case_33\case_33__image_1_watermark_1.jpg
34,data\cases\case_34\case_34__image_0.jpg,data\cases\case_34\case_34__image_0_watermark_0.jpg,data\cases\case_34\case_34__image_0_watermark_1.jpg,data\cases\case_34\case_34__image_1.jpg,data\cases\case_34\case_34__image_1_watermark_0.jpg,data\cases\case_34\case_34__image_1_watermark_1.jpg
35,data\cases\case_35\case_35__image_0.jpg,data\cases\case_35\case_35__image_0_watermark_0.jpg,data\cases\case_35\case_35__image_0_watermark_1.jpg,data\cases\case_35\case_35__image_1.jpg,data\cases\case_35\case_35__image_1_watermark_0.jpg,data\cases\case_35\case_35__image_1_watermark_1.jpg
36,data\cases\case_36\case_36__image_0.jpg,data\cases\case_36\case_36__image_0_watermark_0.jpg,data\cases\case_36\case_36__image_0_watermark_1.jpg,data\cases\case_36\case_36__image_1.jpg,data\cases\case_36\case_36__image_1_watermark_0.jpg,data\cases\case_36\case_36__image_1_watermark_1.jpg
37,data\cases\case_37\case_37__image_0.jpg,data\cases\case_37\case_37__image_0_watermark_0.jpg,data\cases\case_37\case_37__image_0_watermark_1.jpg,data\cases\case_37\case_37__image_1.jpg,data\cases\case_37\case_37__image_1_watermark_0.jpg,data\cases\case_37\case_37__image_1_watermark_1.jpg
38,data\cases\case_38\case_38__image_0.jpg,data\cases\case_38\case_38__image_0_watermark_0.jpg,data\cases\case_38\case_38__image_0_watermark_1.jpg,data\cases\case_38\case_38__image_1.jpg,data\cases\case_38\case_38__image_1_watermark_0.jpg,data\cases\case_38\case_38__image_1_watermark_1.jpg
39,data\cases\case_39\case_39__image_0.jpg,data\cases\case_39\case_39__image_0_watermark_0.jpg,data\cases\case_39\case_39__image_0_watermark_1.jpg,data\cases\case_39\case_39__image_1.jpg,data\cases\case_39\case_39__image_1_watermark_0.jpg,data\cases\case_39\case_39__image_1_watermark_1.jpg
40,data\cases\case_40\case_40__image_0.jpg,data\cases\case_40\case_40__image_0_watermark_0.jpg,data\cases\case_40\case_40__image_0_watermark_1.jpg,data\cases\case_40\case_40__image_1.jpg,data\cases\case_40\case_40__image_1_watermark_0.jpg,data\cases\case_40\case_40__image_1_watermark_1.jpg
41,data\cases\case_41\case_41__image_0.jpg,data\cases\case_41\case_41__image_0_watermark_0.jpg,data\cases\case_41\case_41__image_0_watermark_1.jpg,data\cases\case_41\case_41__image_1.jpg,data\cases\case_41\case_41__image_1_watermark_0.jpg,data\cases\case_41\case_41__image_1_watermark_1.jpg
42,data\cases\case_42\case_42__image_0.jpg,data\cases\case_42\case_42__image_0_watermark_0.jpg,data\cases\case_42\case_42__image_0_watermark_1.jpg,data\cases\case_42\case_42__image_1.jpg,data\cases\case_42\case_42__image_1_watermark_0.jpg,data\cases\case_42\case_42__image_1_watermark_1.jpg
43,data\cases\case_43\case_43__image_0.jpg,data\cases\case_43\case_43__image_0_watermark_0.jpg,data\cases\case_43\case_43__image_0_watermark_1.jpg,data\cases\case_43\case_43__image_1.jpg,data\cases\case_43\case_43__image_1_watermark_0.jpg,data\cases\case_43\case_43__image_1_watermark_1.jpg
44,data\cases\case_44\case_44__image_0.jpg,data\cases\case_44\case_44__image_0_watermark_0.jpg,data\cases\case_44\case_44__image_0_watermark_1.jpg,data\cases\case_44\case_44__image_1.jpg,data\cases\case_44\case_44__image_1_watermark_0.jpg,data\cases\case_44\case_44__image_1_watermark_1.jpg
45,data\cases\case_45\case_45__image_0.jpg,data\cases\case_45\case_45__image_0_watermark_0.jpg,data\cases\case_45\case_45__image_0_watermark_1.jpg,data\cases\case_45\case_45__image_1.jpg,data\cases\case_45\case_45__image_1_watermark_0.jpg,data\cases\case_45\case_45__image_1_watermark_1.jpg
46,data\cases\case_46\case_46__image_0.jpg,data\cases\case_46\case_46__image_0_watermark_0.jpg,data\cases\case_46\case_46__image_0_watermark_1.jpg,data\cases\case_46\case_46__image_1.jpg,data\cases\case_46\case_46__image_1_watermark_0.jpg,data\cases\case_46\case_46__image_1_watermark_1.jpg
47,data\cases\case_47\case_47__image_0.jpg,data\cases\case_47\case_47__image_0_watermark_0.jpg,data\cases\case_47\case_47__image_0_watermark_1.jpg,data\cases\case_47\case_47__image_1.jpg,data\cases\case_47\case_47__image_1_watermark_0.jpg,data\cases\case_47\case_47__image_1_watermark_1.jpg
48,data\cases\case_48\case_48__image_0.jpg,data\cases\case_48\case_48__image_0_watermark_0.jpg,data\cases\case_48\case_48__image_0_watermark_1.jpg,data\cases\case_48\case_48__image_1.jpg,data\cases\case_48\case_48__image_1_watermark_0.jpg,data\cases\case_48\case_48__image_1_watermark_1.jpg
49,data\cases\case_49\case_49__image_0.jpg,data\cases\case_49\case_49__image_0_watermark_0.jpg,data\cases\case_49\case_49__image_0_watermark_1.jpg,data\cases\case_49\case_49__image_1.jpg,data\cases\case_49\case_49__image_1_watermark_0.jpg,data\cases\case_49\case_49__image_1_watermark_1.jpg
50,data\cases\case_50\case_50__image_0.jpg,data\cases\case_50\case_50__image_0_watermark_0.jpg,data\cases\case_50\case_50__image_0_watermark_1.jpg,data\cases\case_50\case_50__image_1.jpg,data\cases\case_50\case_50__image_1_watermark_0.jpg,data\cases\case_50\case_50__image_1_watermark_1.jpg
51,data\cases\case_51\case_51__image_0.jpg,data\cases\case_51\case_51__image_0_watermark_0.jpg,data\cases\case_51\case_51__image_0_watermark_1.jpg,data\cases\case_51\case_51__image_1.jpg,data\cases\case_51\case_51__image_1_watermark_0.jpg,data\cases\case_51\case_51__image_1_watermark_1.jpg
52,data\cases\case_52\case_52__image_0.jpg,data\cases\case_52\case_52__image_0_watermark_0.jpg,data\cases\case_52\case_52__image_0_watermark_1.jpg,data\cases\case_52\case_52__image_1.jpg,data\cases\case_52\case_52__image_1_watermark_0.jpg,data\cases\case_52\case_52__image_1_watermark_1.jpg
53,data\cases\case_53\case_53__image_0.jpg,data\cases\case_53\case_53__image_0_watermark_0.jpg,data\cases\case_53\case_53__image_0_watermark_1.jpg,data\cases\case_53\case_53__image_1.jpg,data\cases\case_53\case_53__image_1_watermark_0.jpg,data\cases\case_53\case_53__image_1_watermark_1.jpg
54,data\cases\case_54\case_54__image_0.jpg,data\cases\case_54\case_54__image_0_watermark_0.jpg,data\cases\case_54\case_54__image_0_watermark_1.jpg,data\cases\case_54\case_54__image_1.jpg,data\cases\case_54\case_54__image_1_watermark_0.jpg,data\cases\case_54\case_54__image_1_watermark_1.jpg
55,data\cases\case_55\case_55__image_0.jpg,data\cases\case_55\case_55__image_0_watermark_0.jpg,data\cases\case_55\case_55__image_0_watermark_1.jpg,data\cases\case_55\case_55__image_1.jpg,data\cases\case_55\case_55__image_1_watermark_0.jpg,data\cases\case_55\case_55__image_1_watermark_1.jpg
56,data\cases\case_56\case_56__image_0.jpg,data\cases\case_56\case_56__image_0_watermark_0.jpg,data\cases\case_56\case_56__image_0_watermark_1.jpg,data\cases\case_56\case_56__image_1.jpg,data\cases\case_56\case_56__image_1_watermark_0.jpg,data\cases\case_56\case_56__image_1_watermark_1.jpg
57,data\cases\case_57\case_57__image_0.jpg,data\cases\case_57\case_57__image_0_watermark_0.jpg,data\cases\case_57\case_57__image_0_watermark_1.jpg,data\cases\case_57\case_57__image_1.jpg,data\cases\case_57\case_57__image_1_watermark_0.jpg,data\cases\case_57\case_57__image_1_watermark_1.jpg
58,data\cases\case_58\case_58__image_0.jpg,data\cases\case_58\case_58__image_0_watermark_0.jpg,data\cases\case_58\case_58__image_0_watermark_1.jpg,data\cases\case_58\case_58__image_1.jpg,data\cases\case_58\case_58__image_1_watermark_0.jpg,data\cases\case_58\case_58__image_1_watermark_1.jpg
59,data\cases\case_59\case_59__image_0.jpg,data\cases\case_59\case_59__image_0_watermark_0.jpg,data\cases\case_59\case_59__image_0_watermark_1.jpg,data\cases\case_59\case_59__image_1.jpg,data\cases\case_59\case_59__image_1_watermark_0.jpg,data\cases\case_59\case_59__image_1_watermark_1.jpg
60,data\cases\case_60\case_60__image_0.jpg,data\cases\case_60\case_60__image_0_watermark_0.jpg,data\cases\case_60\case_60__image_0_watermark_1.jpg,data\cases\case_60\case_60__image_1.jpg,data\cases\case_60\case_60__image_1_watermark_0.jpg,data\cases\case_60\case_60__image_1_watermark_1.jpg
61,data\cases\case_61\case_61__image_0.jpg,data\cases\case_61\case_61__image_0_watermark_0.jpg,data\cases\case_61\case_61__image_0_watermark_1.jpg,data\cases\case_61\case_61__image_1.jpg,data\cases\case_61\case_61__image_1_watermark_0.jpg,data\cases\case_61\case_61__image_1_watermark_1.jpg
62,data\cases\case_62\case_62__image_0.jpg,data\cases\case_62\case_62__image_0_watermark_0.jpg,data\cases\case_62\case_62__image_0_watermark_1.jpg,data\cases\case_62\case_62__image_1.jpg,data\cases\case_62\case_62__image_1_watermark_0.jpg,data\cases\case_62\case_62__image_1_watermark_1.jpg
63,data\cases\case_63\case_63__image_0.jpg,data\cases\case_63\case_63__image_0_watermark_0.jpg,data\cases\case_63\case_63__image_0_watermark_1.jpg,data\cases\case_63\case_63__image_1.jpg,data\cases\case_63\case_63__image_1_watermark_0.jpg,data\cases\case_63\case_63__image_1_watermark_1.jpg
64,data\cases\case_64\case_64__image_0.jpg,data\cases\case_64\case_64__image_0_watermark_0.jpg,data\cases\case_64\case_64__image_0_watermark_1.jpg,data\cases\case_64\case_64__image_1.jpg,data\cases\case_64\case_64__image_1_watermark_0.jpg,data\cases\case_64\case_64__image_1_watermark_1.jpg
65,data\cases\case_65\case_65__image_0.jpg,data\cases\case_65\case_65__image_0_watermark_0.jpg,data\cases\case_65\case_65__image_0_watermark_1.jpg,data\cases\case_65\case_65__image_1.jpg,data\cases\case_65\case_65__image_1_watermark_0.jpg,data\cases\case_65\case_65__image_1_watermark_1.jpg
66,data\cases\case_66\case_66__image_0.jpg,data\cases\case_66\case_66__image_0_watermark_0.jpg,data\cases\case_66\case_66__image_0_watermark_1.jpg,data\cases\case_66\case_66__image_1.jpg,data\cases\case_66\case_66__image_1_watermark_0.jpg,data\cases\case_66\case_66__image_1_watermark_1.jpg
67,data\cases\case_67\case_67__image_0.jpg,data\cases\case_67\case_67__image_0_watermark_0.jpg,data\cases\case_67\case_67__image_0_watermark_1.jpg,data\cases\case_67\case_67__image_1.jpg,data\cases\case_67\case_67__image_1_watermark_0.jpg,data\cases\case_67\case_67__image_1_watermark_1.jpg
68,data\cases\case_68\case_68__image_0.jpg,data\cases\case_68\case_68__image_0_watermark_0.jpg,data\cases\case_68\case_68__image_0_watermark_1.jpg,data\cases\case_68\case_68__image_1.jpg,data\cases\case_68\case_68__image_1_watermark_0.jpg,data\cases\case_68\case_68__image_1_watermark_1.jpg
69,data\cases\case_69\case_69__image_0.jpg,data\cases\case_69\case_69__image_0_watermark_0.jpg,data\cases\case_69\case_69__image_0_watermark_1.jpg,data\cases\case_69\case_69__image_1.jpg,data\cases\case_69\case_69__image_1_watermark_0.jpg,data\cases\case_69\case_69__image_1_watermark_1.jpg
70,data\cases\case_70\case_70__image_0.jpg,data\cases\case_70\case_70__image_0_watermark_0.jpg,data\cases\case_70\case_70__image_0_watermark_1.jpg,data\cases\case_70\case_70__image_1.jpg,data\cases\case_70\case_70__image_1_watermark_0.jpg,data\cases\case_70\case_70__image_1_watermark_1.jpg
71,data\cases\case_71\case_71__image_0.jpg,data\cases\case_71\case_71__image_0_watermark_0.jpg,data\cases\case_71\case_71__image_0_watermark_1.jpg,data\cases\case_71\case_71__image_1.jpg,data\cases\case_71\case_71__image_1_watermark_0.jpg,data\cases\case_71\case_71__image_1_watermark_1.jpg
72,data\cases\case_72\case_72__image_0.jpg,data\cases\case_72\case_72__image_0_watermark_0.jpg,data\cases\case_72\case_72__image_0_watermark_1.jpg,data\cases\case_72\case_72__image_1.jpg,data\cases\case_72\case_72__image_1_watermark_0.jpg,data\cases\case_72\case_72__image_1_watermark_1.jpg
73,data\cases\case_73\case_73__image_0.jpg,data\cases\case_73\case_73__image_0_watermark_0.jpg,data\cases\case_73\case_73__image_0_watermark_1.jpg,data\cases\case_73\case_73__image_1.jpg,data\cases\case_73\case_73__image_1_watermark_0.jpg,data\cases\case_73\case_73__image_1_watermark_1.jpg
74,data\cases\case_74\case_74__image_0.jpg,data\cases\case_74\case_74__image_0_watermark_0.jpg,data\cases\case_74\case_74__image_0_watermark_1.jpg,data\cases\case_74\case_74__image_1.jpg,data\cases\case_74\case_74__image_1_watermark_0.jpg,data\cases\case_74\case_74__image_1_watermark_1.jpg
75,data\cases\case_75\case_75__image_0.jpg,data\cases\case_75\case_75__image_0_watermark_0.jpg,data\cases\case_75\case_75__image_0_watermark_1.jpg,data\cases\case_75\case_75__image_1.jpg,data\cases\case_75\case_75__image_1_watermark_0.jpg,data\cases\case_75\case_75__image_1_watermark_1.jpg
76,data\cases\case_76\case_76__image_0.jpg,data\cases\case_76\case_76__image_0_watermark_0.jpg,data\cases\case_76\case_76__image_0_watermark_1.jpg,data\cases\case_76\case_76__image_1.jpg,data\cases\case_76\case_76__image_1_watermark_0.jpg,data\cases\case_76\case_76__image_1_watermark_1.jpg
77,data\cases\case_77\case_77__image_0.jpg,data\cases\case_77\case_77__image_0_watermark_0.jpg,data\cases\case_77\case_77__image_0_watermark_1.jpg,data\cases\case_77\case_77__image_1.jpg,data\cases\case_77\case_77__image_1_watermark_0.jpg,data\cases\case_77\case_77__image_1_watermark_1.jpg
78,data\cases\case_78\case_78__image_0.jpg,data\cases\case_78\case_78__image_0_watermark_0.jpg,data\cases\case_78\case_78__image_0_watermark_1.jpg,data\cases\case_78\case_78__image_1.jpg,data\cases\case_78\case_78__image_1_watermark_0.jpg,data\cases\case_78\case_78__image_1_watermark_1.jpg
79,data\cases\case_79\case_79__image_0.jpg,data\cases\case_79\case_79__image_0_watermark_0.jpg,data\cases\case_79\case_79__image_0_watermark_1.jpg,data\cases\case_79\case_79__image_1.jpg,data\cases\case_79\case_79__image_1_watermark_0.jpg,data\cases\case_79\case_79__image_1_watermark_1.jpg
80,data\cases\case_80\case_80__image_0.jpg,data\cases\case_80\case_80__image_0_watermark_0.jpg,data\cases\case_80\case_80__image_0_watermark_1.jpg,data\cases\case_80\case_80__image_1.jpg,data\cases\case_80\case_80__image_1_watermark_0.jpg,data\cases\case_80\case_80__image_1_watermark_1.jpg
81,data\cases\case_81\case_81__image_0.jpg,data\cases\case_81\case_81__image_0_watermark_0.jpg,data\cases\case_81\case_81__image_0_watermark_1.jpg,data\cases\case_81\case_81__image_1.jpg,data\cases\case_81\case_81__image_1_watermark_0.jpg,data\cases\case_81\case_81__image_1_watermark_1.jpg
82,data\cases\case_82\case_82__image_0.jpg,data\cases\case_82\case_82__image_0_watermark_0.jpg,data\cases\case_82\case_82__image_0_watermark_1.jpg,data\cases\case_82\case_82__image_1.jpg,data\cases\case_82\case_82__image_1_watermark_0.jpg,data\cases\case_82\case_82__image_1_watermark_1.jpg
83,data\cases\case_83\case_83__image_0.jpg,data\cases\case_83\case_83__image_0_watermark_0.jpg,data\cases\case_83\case_83__image_0_watermark_1.jpg,data\cases\case_83\case_83__image_1.jpg,data\cases\case_83\case_83__image_1_watermark_0.jpg,data\cases\case_83\case_83__image_1_watermark_1.jpg
84,data\cases\case_84\case_84__image_0.jpg,data\cases\case_84\case_84__image_0_watermark_0.jpg,data\cases\case_84\case_84__image_0_watermark_1.jpg,data\cases\case_84\case_84__image_1.jpg,data\cases\case_84\case_84__image_1_watermark_0.jpg,data\cases\case_84\case_84__image_1_watermark_1.jpg
85,data\cases\case_85\case_85__image_0.jpg,data\cases\case_85\case_85__image_0_watermark_0.jpg,data\cases\case_85\case_85__image_0_watermark_1.jpg,data\cases\case_85\case_85__image_1.jpg,data\cases\case_85\case_85__image_1_watermark_0.jpg,data\cases\case_85\case_85__image_1_watermark_1.jpg
86,data\cases\case_86\case_86__image_0.jpg,data\cases\case_86\case_86__image_0_watermark_0.jpg,data\cases\case_86\case_86__image_0_watermark_1.jpg,data\cases\case_86\case_86__image_1.jpg,data\cases\case_86\case_86__image_1_watermark_0.jpg,data\cases\case_86\case_86__image_1_watermark_1.jpg
87,data\cases\case_87\case_87__image_0.jpg,data\cases\case_87\case_87__image_0_watermark_0.jpg,data\cases\case_87\case_87__image_0_watermark_1.jpg,data\cases\case_87\case_87__image_1.jpg,data\cases\case_87\case_87__image_1_watermark_0.jpg,data\cases\case_87\case_87__image_1_watermark_1.jpg
88,data\cases\case_88\case_88__image_0.jpg,data\cases\case_88\case_88__image_0_watermark_0.jpg,data\cases\case_88\case_88__image_0_watermark_1.jpg,data\cases\case_88\case_88__image_1.jpg,data\cases\case_88\case_88__image_1_watermark_0.jpg,data\cases\case_88\case_88__image_1_watermark_1.jpg
89,data\cases\case_89\case_89__image_0.jpg,data\cases\case_89\case_89__image_0_watermark_0.jpg,data\cases\case_89\case_89__image_0_watermark_1.jpg,data\cases\case_89\case_89__image_1.jpg,data\cases\case_89\case_89__image_1_watermark_0.jpg,data\cases\case_89\case_89__image_1_watermark_1.jpg
90,data\cases\case_90\case_90__image_0.jpg,data\cases\case_90\case_90__image_0_watermark_0.jpg,data\cases\case_90\case_90__image_0_watermark_1.jpg,data\cases\case_90\case_90__image_1.jpg,data\cases\case_90\case_90__image_1_watermark_0.jpg,data\cases\case_90\case_90__image_1_watermark_1.jpg
91,data\cases\case_91\case_91__image_0.jpg,data\cases\case_91\case_91__image_0_watermark_0.jpg,data\cases\case_91\case_91__image_0_watermark_1.jpg,data\cases\case_91\case_91__image_1.jpg,data\cases\case_91\case_91__image_1_watermark_0.jpg,data\cases\case_91\case_91__image_1_watermark_1.jpg
92,data\cases\case_92\case_92__image_0.jpg,data\cases\case_92\case_92__image_0_watermark_0.jpg,data\cases\case_92\case_92__image_0_watermark_1.jpg,data\cases\case_92\case_92__image_1.jpg,data\cases\case_92\case_92__image_1_watermark_0.jpg,data\cases\case_92\case_92__image_1_watermark_1.jpg
93,data\cases\case_93\case_93__image_0.jpg,data\cases\case_93\case_93__image_0_watermark_0.jpg,data\cases\case_93\case_93__image_0_watermark_1.jpg,data\cases\case_93\case_93__image_1.jpg,data\cases\case_93\case_93__image_1_watermark_0.jpg,data\cases\case_93\case_93__image_1_watermark_1.jpg
94,data\cases\case_94\case_94__image_0.jpg,data\cases\case_94\case_94__image_0_watermark_0.jpg,data\cases\case_94\case_94__image_0_watermark_1.jpg,data\cases\case_94\case_94__image_1.jpg,data\cases\case_94\case_94__image_1_watermark_0.jpg,data\cases\case_94\case_94__image_1_watermark_1.jpg
95,data\cases\case_95\case_95__image_0.jpg,data\cases\case_95\case_95__image_0_watermark_0.jpg,data\cases\case_95\case_95__image_0_watermark_1.jpg,data\cases\case_95\case_95__image_1.jpg,data\cases\case_95\case_95__image_1_watermark_0.jpg,data\cases\case_95\case_95__image_1_watermark_1.jpg
96,data\cases\case_96\case_96__image_0.jpg,data\cases\case_96\case_96__image_0_watermark_0.jpg,data\cases\case_96\case_96__image_0_watermark_1.jpg,data\cases\case_96\case_96__image_1.jpg,data\cases\case_96\case_96__image_1_watermark_0.jpg,data\cases\case_96\case_96__image_1_watermark_1.jpg
